name,ingredients,diet,prep_time,cook_time,flavor_profile,course,state,region,instructions
Balu shahi,"Maida flour, yogurt, oil, sugar",vegetarian,45,25,sweet,dessert,West Bengal,East,"To prepare Balu Shahi, start by combining 2 cups of maida with a pinch of baking soda. Add 1/4 cup of ghee and rub the mixture until it resembles breadcrumbs. Gradually incorporate 1/2 cup of yogurt, kneading into a smooth dough. Let it rest for 2 hours. Shape small portions of the dough into balls, then flatten and shape the edges. Fry in oil until golden brown. In a separate pan, make a sugar syrup with 1 cup of sugar and 1/4 cup of water, reaching a one-string consistency. Dip the fried Balu Shahi into the warm syrup, ensuring they are coated, and garnish with nuts if desired. Allow them to cool before serving."
Boondi,"Gram flour, ghee, sugar",vegetarian,80,30,sweet,dessert,Rajasthan,West,"To make Boondi, mix gram flour (besan) with water to form a smooth batter. Heat ghee in a pan, and using a slotted spoon, drop small droplets of the batter into hot ghee to create tiny, round boondi. Fry until they turn golden and crisp. In a separate pan, prepare a sugar syrup by dissolving sugar in water, creating a thick consistency. Once the boondi is ready, toss it into the warm sugar syrup, ensuring an even coating. Allow the boondi to absorb the syrup, and then let it cool."
Gajar ka halwa,"Carrots, milk, sugar, ghee, cashews, raisins",vegetarian,15,60,sweet,dessert,Punjab,North,"To prepare Gajar ka Halwa, start by grating fresh carrots. In a pan, heat ghee and sauté the grated carrots until they are tender and release their aroma. Add milk to the carrots and cook on low heat, stirring occasionally until the carrots absorb the milk and become soft. Once the mixture thickens, add sugar to sweeten the halwa. Continue cooking until the sugar is well incorporated. In a separate pan, lightly fry cashews and raisins in ghee until they are golden. Add these nuts and raisins to the carrot mixture, giving the halwa a delightful crunch. Stir well and cook until the halwa reaches a rich, creamy consistency. Gajar ka Halwa is ready to be served, offering a delicious blend of sweetened carrots and the richness of milk and nuts."
Ghevar,"Flour, ghee, kewra, milk, clarified butter, sugar, almonds, pistachio, saffron, green cardamom",vegetarian,15,30,sweet,dessert,Rajasthan,West,"To prepare Ghevar, begin by mixing flour with ghee and kewra-infused water to form a thick batter. Heat clarified butter (ghee) in a wide, deep pan. Pour a small amount of the batter into the hot ghee, creating a circular shape, and let it cook until it forms a porous and crispy structure. Remove the golden Ghevar and immerse it in a saffron and green cardamom-flavored sugar syrup, allowing it to soak up the sweetness. Garnish the Ghevar with slivered almonds and pistachios for added texture and flavor. The result is a delightful Rajasthani dessert, featuring a crispy and syrup-soaked delicacy adorned with the richness of nuts and aromatic spices."
Gulab jamun,"Milk powder, plain flour, baking powder, ghee, milk, sugar, water, rose water",vegetarian,15,40,sweet,dessert,West Bengal,East,"To make Gulab Jamun, combine milk powder, plain flour, and baking powder in a bowl. Add ghee and milk, kneading the mixture into a soft dough. Shape small, smooth balls from the dough. In a separate pan, prepare a sugar syrup by dissolving sugar in water and adding a few drops of rose water for fragrance. Heat the syrup until it reaches a slightly sticky consistency. Deep-fry the dough balls in ghee until golden brown, then soak them in the warm sugar syrup. Allow the Gulab Jamuns to absorb the syrup, making them soft and sweet. These delectable treats are then ready to be enjoyed, offering a perfect blend of rich, milky flavor and floral sweetness."
Imarti,"Sugar syrup, lentil flour",vegetarian,10,50,sweet,dessert,West Bengal,East,"To create Imarti, start by preparing a sugar syrup with water, sugar, and a touch of saffron for color and flavor. Boil the syrup until it reaches a one-string consistency. In a separate bowl, mix lentil flour with water to form a smooth batter. Fill a piping bag with the batter and pipe concentric circles into hot oil, forming spiral shapes. Fry until they turn golden and crisp. Once fried, immerse the Imartis in the warm saffron-infused sugar syrup, allowing them to soak up the sweetness. The result is a delightful Indian sweet with intricate patterns, a crispy texture, and a syrupy sweetness that makes Imarti a beloved treat."
Jalebi,"Maida, corn flour, baking soda, vinegar, curd, water, turmeric, saffron, cardamom",vegetarian,10,50,sweet,dessert,Uttar Pradesh,North,"To prepare Jalebi, start by combining maida (all-purpose flour) and corn flour in a bowl. Add baking soda, a splash of vinegar, and curd, and mix well. Gradually add water to form a smooth, lump-free batter. Allow the batter to ferment for a few hours or overnight, enhancing its flavor. When ready to cook, add turmeric or saffron for color and cardamom for aroma to the batter. Fill a piping bag with the mixture and pipe swirls into hot oil, frying until they become crisp and golden. Once fried, soak the Jalebis in a sugar syrup until they absorb the sweetness. The result is a popular Indian sweet characterized by its coiled shape, vibrant color, and sweet, aromatic taste."
Kaju katli,"Cashews, ghee, cardamom, sugar",vegetarian,10,20,sweet,dessert,unknown,unknown,"To make Kaju Katli, start by grinding cashews into a fine powder. In a pan, melt a small amount of ghee and add the cashew powder. Stir and cook on low heat until it forms a smooth, lump-free mixture. In a separate pan, prepare a sugar syrup by dissolving sugar in water. Add the sugar syrup to the cashew mixture and continue to cook, stirring continuously, until it thickens and leaves the sides of the pan. Add crushed cardamom for flavor and aroma. Once the mixture reaches a dough-like consistency, transfer it to a greased plate and flatten it into a thin layer. Allow it to cool, then cut it into diamond-shaped pieces. Kaju Katli is a delicious and iconic Indian sweet with a rich cashew flavor and a hint of cardamom."
Kalakand,"Milk, cottage cheese, sugar",vegetarian,20,30,sweet,dessert,West Bengal,East,"To prepare Kalakand, start by bringing milk to a boil in a wide, heavy-bottomed pan. Add cottage cheese (paneer) to the boiling milk and stir continuously to avoid lumps. Cook the mixture on medium heat until it thickens and most of the moisture evaporates. Add sugar to the mixture and continue stirring. As the mixture thickens further, it will start leaving the sides of the pan. At this point, transfer the mixture to a greased plate and spread it evenly. Allow it to cool and set. Once set, cut the Kalakand into squares or desired shapes. This Indian sweet is known for its grainy texture and rich milky taste, making it a delightful treat for celebrations and festivals."
Kheer,"Milk, rice, sugar, dried fruits",vegetarian,10,40,sweet,dessert,unknown,unknown,"To prepare Kheer, start by washing rice and soaking it for about 30 minutes. In a pot, bring milk to a boil and then add the soaked rice. Simmer on low heat, stirring occasionally to prevent sticking, until the rice is fully cooked and the mixture thickens. Add sugar and continue to simmer until the sugar dissolves and the kheer reaches a creamy consistency. Optionally, add dried fruits such as raisins, chopped almonds, and cashews for added texture and flavor. Stir well and let the kheer cool before serving. This traditional Indian rice pudding is a comforting and delicious dessert, often enjoyed during festivals and special occasions."
Laddu,"Gram flour, ghee, sugar",vegetarian,10,40,sweet,dessert,unknown,unknown,"To make Laddu, begin by roasting gram flour (besan) in ghee over medium heat until it turns golden brown and releases a nutty aroma. Once roasted, remove it from heat and let it cool slightly. Add sugar to the roasted gram flour and mix well. Allow the mixture to cool to a temperature where it can be comfortably handled. With greased hands, shape the mixture into round balls, forming laddus. Ensure the laddus hold their shape and have a smooth texture. These sweet gram flour laddus are a popular and simple Indian dessert, enjoyed during festivals and celebrations."
Lassi,"Yogurt, milk, nuts, sugar",vegetarian,5,5,sweet,dessert,Punjab,North,"To prepare Lassi, blend together yogurt and milk in a blender until smooth. Add sugar to the mixture and blend again until the sugar is fully dissolved. Optionally, you can include nuts like almonds or pistachios for added flavor and texture. Pour the lassi into glasses and serve chilled. Lassi is a refreshing and popular traditional Indian beverage, enjoyed for its cool and creamy consistency, making it a perfect drink to accompany meals or to beat the heat on a warm day."
Nankhatai,"Refined flour, besan, ghee, powdered sugar, yoghurt, green cardamom",vegetarian,20,30,sweet,dessert,unknown,unknown,"To make Nankhatai, start by preheating your oven. In a mixing bowl, combine refined flour, besan (gram flour), and ghee. Mix well until the ingredients are combined and resemble a crumbly texture. Add powdered sugar and yogurt to the mixture. Crush green cardamom and add it to the dough for flavor. Knead the ingredients together to form a smooth dough. Divide the dough into small portions and shape them into round cookies or discs. Place them on a baking tray and bake in the preheated oven until they turn golden brown. Allow the Nankhatais to cool before serving. These eggless shortbread-like cookies are a popular and delicious treat in Indian cuisine."
Petha,"Firm white pumpkin, sugar, kitchen lime, alum powder",vegetarian,10,30,sweet,dessert,Uttar Pradesh,North,"To craft Petha, a renowned North Indian sweet, begin by peeling and deseeding firm white pumpkin, cutting it into shapes like cubes or rectangles. Soak the pumpkin pieces in a solution of water and alum powder, allowing them to firm up. Afterward, rinse thoroughly to remove excess alum. In a separate pot, prepare a sugar syrup by dissolving sugar in water and adding a piece of kitchen lime to maintain the pumpkin's white color. Boil the syrup until it reaches a one-string consistency, then introduce the soaked pumpkin, cooking until it becomes translucent and the syrup thickens. Let the Petha cool and set in the sugar syrup before cutting it into shapes. The result is a delightful sweet, celebrated for its translucent appearance and mild sweetness."
Phirni,"Rice, sugar, nuts",vegetarian,30,20,sweet,dessert,Odisha,East,"To prepare Phirni, start by soaking rice in water for a few hours. Drain the soaked rice and grind it into a smooth paste. In a saucepan, heat milk and bring it to a boil. Add the ground rice paste to the boiling milk, stirring continuously to avoid lumps. Cook the mixture on low heat until the rice is fully cooked, and the mixture thickens to a creamy consistency. Add sugar and continue to stir until it dissolves completely. Optionally, you can include a variety of nuts such as almonds, pistachios, or cashews for added texture and flavor. Pour the Phirni into individual serving bowls and let it cool. Once chilled, garnish with more nuts before serving. Phirni is a delightful rice pudding, enjoyed as a cool and creamy dessert in Indian cuisine."
Rabri,"Condensed milk, sugar, spices, nuts",vegetarian,10,45,sweet,dessert,Uttar Pradesh,North,"To prepare Rabri, start by heating condensed milk in a thick-bottomed pan. Add sugar to the condensed milk and stir continuously on low heat until the mixture thickens. As the Rabri simmers, the milk reduces and becomes rich and creamy. Enhance the flavor with spices like cardamom for an aromatic touch. Include a variety of nuts such as almonds, pistachios, or cashews for added texture and crunch. Once the Rabri reaches a desired consistency and the flavors meld together, let it cool. Serve chilled, and enjoy this decadent Indian dessert that boasts a luscious, thickened milk base complemented by the warmth of spices and the richness of nuts."
Sheera,"Semolina, ghee, nuts, milk",vegetarian,10,25,sweet,dessert,Maharashtra,West,"To prepare Sheera, start by roasting semolina (sooji) in ghee until it turns golden and releases a nutty aroma. In a separate pan, heat milk. Slowly add the hot milk to the roasted semolina, stirring continuously to avoid lumps. Cook the mixture on low heat until the semolina absorbs the milk and reaches a smooth, pudding-like consistency. Add sugar to sweeten the Sheera and continue to stir until the sugar dissolves completely. Optionally, you can include nuts such as cashews and almonds for added richness and texture. Once the Sheera thickens and achieves the desired consistency, remove it from heat. Serve warm, and savor the comforting and sweet flavor of this classic Indian dessert."
Singori,"Khoa, coconut, molu leaf",vegetarian,10,20,sweet,dessert,Uttarakhand,North,"Singori is a traditional sweet from the Kumaon region of Uttarakhand, India. It is made by wrapping a mixture of khoa (reduced solidified milk) and grated coconut in molu leaves, also known as Maalu or Bauhinia leaves. The khoa and coconut filling is sweetened and then enclosed in the leaves, forming a cylindrical shape. These filled leaves are then tied with a string and typically steamed or roasted. The molu leaves impart a unique aroma and flavor to the sweet, giving Singori its distinctive taste. It is not only a delicious treat but also reflects the local culinary heritage of the Kumaon region."
Sohan halwa,"Corn flour, ghee, dry fruits",vegetarian,10,60,sweet,dessert,Uttar Pradesh,North,"Sohan Halwa is a delectable Indian sweet made with corn flour, ghee, and dry fruits. To prepare this indulgent delicacy, corn flour is roasted in ghee until it turns golden brown, creating a rich and nutty base. The mixture is then sweetened with sugar, and an array of dry fruits such as almonds, pistachios, and cashews are added to enhance the texture and flavor. The concoction is stirred continuously to achieve a smooth consistency before being poured into a greased tray and left to set. Once cooled and solidified, Sohan Halwa is cut into pieces, offering a delightful combination of sweet, nutty, and buttery goodness in every bite."
Sohan papdi,"Gram flour, ghee, sugar, milk, cardamom",vegetarian,0,60,sweet,dessert,Maharashtra,West,"To make Sohan Papdi, begin by preparing a sugar syrup. Boil sugar and water until it reaches a one-string consistency. In a separate pan, heat ghee, and add gram flour (besan). Roast the gram flour in ghee until it becomes aromatic and golden brown. Slowly incorporate the sugar syrup into the roasted gram flour while stirring continuously to avoid lumps. Add warm milk to the mixture, stirring vigorously to achieve a smooth consistency. Finally, mix in cardamom powder for fragrance. Spread this mixture onto a greased surface, flatten it, and let it cool. Once set, cut the Sohan Papdi into square or diamond shapes. This traditional Indian sweet boasts a delightful combination of the rich flavors of gram flour, ghee, and cardamom, making it a popular treat during festivals and celebrations."
Chhena jalebi,"Chhena, sugar, ghee",vegetarian,10,50,sweet,dessert,Odisha,East,"Chhena Jalebi is a delightful Bengali sweet made with chhena (fresh paneer or cottage cheese), sugar, and ghee. To prepare this delicacy, fresh chhena is kneaded into a smooth dough and shaped into small, spiral-like jalebis. These chhena spirals are then deep-fried until they achieve a golden brown hue. In a separate pan, a sugar syrup is prepared by dissolving sugar in water. The freshly fried chhena jalebis are then immersed in the warm sugar syrup, allowing them to absorb the sweetness. A touch of ghee may be added for a rich flavor. The result is a unique and syrup-soaked variation of the traditional jalebi, showcasing the distinct texture and taste of chhena."
Chhena kheeri,"Chhena, sugar, milk",vegetarian,0,60,sweet,dessert,Odisha,East,"Chhena Kheeri is a delightful Bengali dessert made with chhena (fresh paneer or cottage cheese), sugar, and milk. To prepare this sweet dish, crumbled or grated chhena is gently cooked in a pan along with milk until it thickens and achieves a creamy consistency. Sugar is added to sweeten the mixture, and the kheeri is simmered until the chhena is well-incorporated, creating a smooth and luscious texture. The result is a rich and flavorful dessert that beautifully combines the subtle sweetness of chhena with the creamy goodness of milk, making Chhena Kheeri a popular and comforting treat in Bengali cuisine."
Chhena poda,"Sugar, chenna cheese",vegetarian,10,45,sweet,dessert,Odisha,East,"Chhena Poda is a traditional Odia dessert made primarily with two ingredients: sugar and chhena cheese. To prepare this delightful sweet, fresh chhena (paneer or cottage cheese) is mixed with sugar to sweeten the mixture. The sweetened chhena is then flavored and sometimes spiced with cardamom or nutmeg for added aroma. The mixture is spread in a thin layer in a greased pan and traditionally baked in an earthen oven, giving it a unique smoky flavor. The result is a caramelized, slightly crusty exterior with a soft and sweet interior. Chhena Poda is a popular and flavorful dessert enjoyed in Odisha, India."
Cham cham,"Flour, cream, sugar, saffron, lemon juice, coconut flakes",vegetarian,40,60,sweet,dessert,West Bengal,East,"Cham Cham is a delectable Bengali sweet made from a combination of flour, cream, sugar, saffron, lemon juice, and coconut flakes. To prepare Cham Cham, a dough is made by kneading flour and cream together until a smooth consistency is achieved. The dough is then shaped into cylindrical or oval pieces and cooked in a sugar syrup until they become spongy and absorb the sweetness. Saffron is often added to the syrup for flavor and color, and lemon juice may be used to enhance the texture. Finally, the Cham Chams are rolled in coconut flakes, providing a delightful contrast to the soft and syrup-soaked interior. This sweet is a popular choice for celebrations and special occasions in Bengali cuisine."
Ledikeni,"Chhena, sugar, ghee",vegetarian,45,45,sweet,dessert,West Bengal,East,"Ledikeni is a classic Bengali sweet made with chhena (fresh paneer or cottage cheese), sugar, and ghee. To prepare Ledikeni, fresh chhena is kneaded into a smooth dough, shaped into elongated ovals, and deep-fried until they achieve a golden brown color. The fried chhena dumplings are then soaked in a sugar syrup, imparting sweetness and moisture to the dessert. Ghee may be used in the frying process for added richness. Ledikeni is known for its delectable taste and unique elongated shape, making it a cherished sweet in Bengali cuisine, especially during festive occasions and celebrations."
Lyangcha,"Flour, fried milk power, sugar syrup",vegetarian,20,30,sweet,dessert,Assam,North East,"Lyangcha is a traditional Bengali sweet made with a mixture of flour and fried milk powder, sweetened with sugar syrup. To prepare Lyangcha, a dough is made by combining flour and fried milk powder, creating a smooth and pliable consistency. The dough is then shaped into cylindrical or elongated forms. These shapes are deep-fried until they achieve a golden brown color and a crisp texture. After frying, Lyangchas are soaked in a sugar syrup, allowing them to absorb the sweetness and develop a syrupy exterior. The result is a delightful Bengali sweet that combines the richness of fried milk powder with the sweetness of sugar syrup, making it a popular treat during festive occasions."
Malapua,"Yoghurt, refined flour, ghee, fennel seeds",vegetarian,10,120,sweet,dessert,Bihar,North,"Malpua is a traditional Indian sweet pancake that is often enjoyed during festivals and special occasions. To make Malpua, a batter is prepared by combining yogurt and refined flour, creating a smooth consistency. The batter is then flavored with fennel seeds for a hint of aromatic warmth. Small portions of this batter are ladled into hot ghee and fried until they become golden brown and crispy. Once fried, Malpuas are often soaked in sugar syrup to enhance their sweetness and moisture. This delightful sweet is known for its unique combination of textures—crispy on the edges and soft in the center—making it a favorite indulgence in Indian cuisine."
Mihidana,"Besan flour, sugar, ghee",vegetarian,15,30,sweet,dessert,West Bengal,East,"Mihidana is a traditional Bengali sweet that is crafted with just three primary ingredients: besan flour (gram flour), sugar, and ghee. To prepare Mihidana, besan is mixed with water to form a smooth, thick batter. Small droplets of this batter are then carefully dropped into hot ghee, resulting in tiny, bead-like formations. These besan beads are fried until they achieve a golden hue and a crispy texture. After frying, they are coated in a sugar syrup, allowing them to absorb the sweetness and develop a glossy exterior. Mihidana is celebrated for its unique appearance and the delightful combination of the nutty besan flavor with the sweet syrup, making it a popular choice during festivals and special occasions in Bengali cuisine."
Misti doi,"Milk, jaggery",vegetarian,480,30,sweet,dessert,West Bengal,East,"Misti Doi, also known as ""sweet yogurt,"" is a popular Bengali dessert made with just two main ingredients: milk and jaggery. To prepare Misti Doi, milk is boiled and then allowed to cool to a lukewarm temperature. Jaggery, a natural sweetener, is added to the milk and mixed until it dissolves completely. The sweetened milk is then transferred to earthen pots and left to set, allowing the natural fermentation process to occur. This results in Misti Doi's distinct thick and creamy texture with a delicate caramel-like sweetness from the jaggery. Served chilled, Misti Doi is a cherished dessert in Bengali cuisine, appreciated for its unique flavor and smooth consistency."
Pantua,"Chhena, sugar, ghee, flour",vegetarian,45,45,sweet,dessert,West Bengal,East,"Pantua is a delectable Bengali sweet made from a combination of chhena (fresh paneer or cottage cheese), sugar, ghee, and flour. To prepare Pantua, fresh chhena is kneaded into a smooth dough and mixed with a small amount of flour. This dough is then shaped into round balls and deep-fried until they achieve a golden brown color. The fried chhena balls are soaked in a sugar syrup, allowing them to absorb the sweetness and become moist. Ghee may be used in the frying process, adding richness to the flavor. Pantua is similar to Gulab Jamun but has its unique taste and texture, making it a favorite sweet during festivals and celebrations in Bengal."
Pithe,"Rice flour, wheat flour",vegetarian,15,35,sweet,dessert,Assam,North East,"Pithe refers to a traditional Bengali sweet that comes in various forms, typically made during winter festivals like Makar Sankranti. The key ingredients for many types of Pithe include rice flour and wheat flour. To prepare, a dough is made by combining rice flour and wheat flour with water, creating a smooth and pliable consistency. This dough is then shaped into different forms, such as flatbreads or dumplings, and filled with sweetened ingredients like jaggery, coconut, khoya (reduced milk), or sesame seeds. The filled dough is often cooked by methods like frying, steaming, or baking, resulting in a variety of Pithe with diverse textures and flavors. These sweets hold cultural significance and are enjoyed as a part of festive traditions in Bengali households."
Rasabali,"Chenna, sweetened milk",vegetarian,15,30,sweet,dessert,Odisha,East,"Rasabali is a traditional Odia sweet that features chenna (fresh paneer or cottage cheese) and sweetened milk. To prepare Rasabali, chenna is shaped into flat discs and deep-fried until they turn golden brown. These fried chenna discs are then soaked in sweetened milk, which is often flavored with cardamom. The chenna absorbs the sweetness and aromatic essence of the milk, resulting in a delightful dessert with a unique texture. Rasabali is enjoyed for its rich and creamy taste, making it a popular sweet during festivals and special occasions in Odisha, India."
Ras malai,"Chhena, reduced milk, pistachio",vegetarian,180,60,sweet,dessert,West Bengal,East,"Ras Malai is a luscious Indian dessert made with chhena (fresh paneer or cottage cheese), reduced milk, and pistachios. To prepare Ras Malai, chhena is kneaded into a soft dough, shaped into flattened balls, and gently cooked in a simmering mixture of milk and sugar until they become spongy and absorb the sweetness. The cooked chhena balls are then immersed in thickened, reduced milk, often flavored with cardamom or saffron, enhancing the overall richness and aroma. The dessert is garnished with chopped pistachios, adding a delightful crunch and nutty flavor. Ras Malai is enjoyed chilled, making it a beloved treat during festive occasions and celebrations in Indian cuisine."
Rasgulla,"Chhena, sugar, cardamom",vegetarian,10,90,sweet,dessert,West Bengal,East,"Rasgulla is a popular Indian sweet made primarily with chhena (fresh paneer or cottage cheese), sugar, and cardamom. To prepare Rasgulla, chhena is kneaded into a smooth dough and shaped into small, round balls. These chhena balls are then cooked in a sugar syrup flavored with cardamom until they become spongy and absorb the sweetness. The cardamom adds a fragrant and aromatic element to the syrup. Rasgullas are known for their soft and spongy texture, and they are often served chilled. This classic dessert is widely enjoyed across India and is a favorite during festivals and celebrations."
Sandesh,"Milk, sugar, saffron, cardamom",vegetarian,30,20,sweet,dessert,West Bengal,East,"Sandesh is a delightful Bengali sweet made with milk, sugar, saffron, and cardamom. To prepare Sandesh, milk is curdled to obtain chhena (fresh paneer or cottage cheese). The chhena is then kneaded until it reaches a smooth and creamy consistency. Sugar is added to sweeten the chhena mixture, and saffron is often used for color and a hint of flavor. Some recipes also include cardamom for additional aromatic notes. The sweetened chhena mixture is then shaped into small, flattened rounds or other desired forms. Sandesh is a light and flavorful sweet, loved for its delicate texture and the combination of saffron and cardamom that gives it a distinct taste."
Adhirasam,"Rice flour, jaggery, ghee, vegetable oil, elachi",vegetarian,10,50,sweet,dessert,West Bengal,East,"Adhirasam is a traditional South Indian sweet made with rice flour, jaggery, ghee, vegetable oil, and elachi (cardamom). To prepare Adhirasam, rice flour is mixed with powdered jaggery, ghee, and cardamom to form a smooth, thick batter. This batter is then shaped into small, flat rounds or patties. These patties are deep-fried in vegetable oil until they turn golden brown, resulting in a crispy outer layer and a soft inner texture. Adhirasam is a popular treat, often made during festivals and special occasions in South India. Its unique combination of ingredients gives it a distinct flavor that is both sweet and aromatic."
Ariselu,"Rice flour, jaggery, ghee",vegetarian,15,75,sweet,dessert,Andhra Pradesh,South,"Ariselu is a traditional South Indian sweet made with a simple combination of rice flour, jaggery, and ghee. To prepare Ariselu, rice flour is mixed with jaggery syrup, which is made by melting jaggery in water and then straining to remove impurities. Ghee is added to the rice flour and jaggery mixture, and the dough is kneaded to achieve a smooth consistency. Small portions of the dough are then shaped into flat, round patties and deep-fried until they turn golden brown. The result is a sweet delicacy with a crispy exterior and a chewy, flavorful interior. Ariselu is often prepared during festivals and special occasions in South India."
Bandar laddu,"Besan, jaggery, cardamom powder, ghee, cashews and raisins, jaggery syrup, sugar",vegetarian,5,35,sweet,dessert,Andhra Pradesh,South,"Bandar Laddu is a traditional Andhra sweet that is made with besan (gram flour), jaggery, cardamom powder, ghee, cashews, raisins, jaggery syrup, and sugar. To prepare Bandar Laddu, besan is roasted in ghee until it turns golden brown and aromatic. Jaggery syrup is prepared separately by dissolving jaggery in water, and this syrup is then added to the roasted besan along with cardamom powder. The mixture is stirred well to ensure a smooth consistency. Finally, cashews and raisins are added for crunch and texture. The sweetened besan mixture is shaped into round laddus (sweet balls). Bandar Laddu is known for its rich and nutty flavor, making it a popular treat during festivals and celebrations in Andhra Pradesh, India."
Chikki,"Peanuts, jaggery",vegetarian,10,20,sweet,dessert,Maharashtra,West,"Chikki is a popular Indian sweet snack made with just two main ingredients: peanuts and jaggery. To prepare Chikki, peanuts are roasted until they become crunchy and aromatic. In a separate pan, jaggery is melted to form a syrup. The roasted peanuts are then mixed into the jaggery syrup until well-coated. The mixture is quickly spread on a flat surface and flattened to cool and harden. Once set, the Chikki is broken into pieces, creating sweet and nutty bars or clusters. This classic treat is enjoyed for its combination of the natural sweetness of jaggery and the crunchiness of roasted peanuts, making it a favorite during festivals and as a quick energy snack."
Dharwad pedha,"Milk, Sugar, Dharwadi buffalo milk",vegetarian,20,60,sweet,dessert,Karnataka,South,"Dharwad Peda is a traditional Indian sweet that hails from the city of Dharwad in Karnataka. It is made with a few simple ingredients, including milk, sugar, and Dharwadi buffalo milk, which is known for its unique flavor and richness. To prepare Dharwad Peda, milk is reduced and thickened to form khoya (reduced milk solids). This khoya is then mixed with sugar to sweeten the mixture. The use of Dharwadi buffalo milk is said to contribute to the distinct taste of Dharwad Peda. The mixture is cooked until it reaches a fudgy consistency, and the pedas are shaped into small, round discs. Dharwad Peda is enjoyed for its rich and creamy texture, making it a beloved sweet in Karnataka cuisine."
Double ka meetha,"Loaf bread, milk",vegetarian,20,30,sweet,dessert,Telangana,South,"Double ka Meetha is a luscious Indian dessert that transforms simple ingredients into a delightful sweet treat. Slices of loaf bread are toasted or fried until golden and crispy. Meanwhile, a sweet and aromatic milk syrup is prepared by simmering milk with sugar and flavored with cardamom. The toasted bread slices are then immersed in this decadent milk mixture, allowing them to absorb the rich flavors. The result is a heavenly fusion of crispy bread and sweetened milk, garnished with chopped nuts for added crunch. Double ka Meetha is a beloved dessert, cherished for its simplicity and indulgent taste, making it a favorite during celebrations and festive occasions in Indian cuisine."
Gavvalu,"Rice flour, sugar, salt, ghee, semolina",vegetarian,10,30,sweet,dessert,Andhra Pradesh,South,"Gavvalu is a traditional South Indian snack that combines the simplicity of ingredients with delightful taste. To make Gavvalu, a dough is prepared by mixing rice flour, sugar, a pinch of salt, ghee (clarified butter), and semolina. The ingredients are combined to form a smooth, pliable dough. Small portions of the dough are then shaped into small, shell-like structures resembling cowrie shells, giving the snack its distinctive appearance. These dough shapes are deep-fried until they turn golden brown, resulting in crispy and crunchy Gavvalu. Often enjoyed during festivals and special occasions, Gavvalu showcases the harmonious blend of sweet and savory notes, making it a beloved treat in South Indian cuisine."
Kakinada khaja,"Wheat flour, sugar",vegetarian,10,30,sweet,dessert,Andhra Pradesh,South,"Kakinada Khaja is a traditional sweet delicacy from the coastal town of Kakinada in Andhra Pradesh, India. The sweet is crafted with a simple yet delightful combination of wheat flour and sugar. To prepare Kakinada Khaja, wheat flour is kneaded into a smooth dough and rolled into thin sheets. These sheets are then layered with sugar and folded, creating multiple layers. The layered dough is then rolled out and cut into small, square-shaped pieces. Finally, these pieces are deep-fried until they attain a golden brown color, resulting in crispy, flaky Khajas with a sweet and melt-in-the-mouth texture. Kakinada Khaja is often enjoyed during festivals and celebrations, showcasing the culinary heritage of Andhra Pradesh."
Mysore pak,"Besan flour, semolina, mung bean, jaggery, coconut, skimmed milk powder, sugar, ghee",vegetarian,5,20,sweet,dessert,Karnataka,South,"The key ingredients in this delectable treat include besan flour (gram flour) and semolina, which form the base, lending a distinctive texture. Mung bean flour adds a nutty undertone, while jaggery and sugar contribute sweetness. Ghee, a clarified butter, is generously used, imparting a buttery richness to the dessert. Additionally, coconut and skimmed milk powder enhance the overall creaminess. The preparation involves skillfully combining these ingredients into a smooth, thick batter before it is set and cut into pieces. The result is a mouthwatering Mysore Pak, with its melt-in-the-mouth consistency and a harmonious blend of flavors that celebrate the essence of Indian sweets."
Obbattu holige,"Maida flour, turmeric, coconut, chickpeas, jaggery, ghee, cardamom",vegetarian,180,60,sweet,main course,Karnataka,South,"Obbattu Holige, also known simply as Holige, is a traditional South Indian sweet flatbread that boasts a delightful combination of flavors. The main ingredients include Maida flour, a fine wheat flour that forms the dough, and turmeric, which imparts a golden hue to the outer layer. The sweet filling consists of a mixture of grated coconut, cooked chickpeas, jaggery for sweetness, and ghee for richness. The addition of cardamom enhances the overall aromatic profile of the filling. The dough is carefully rolled out, filled with this sweet mixture, and then folded to create thin, delicious flatbreads. Once cooked on a griddle, the Obbattu Holige is ready to be enjoyed, offering a perfect balance of textures and a symphony of flavors that showcase the unique culinary heritage of South India."
Palathalikalu,"Rice flour, milk",vegetarian,10,25,sweet,dessert,Andhra Pradesh,South,"Palathalikalu is a traditional South Indian dish, particularly popular in Andhra Pradesh, that consists of minimal yet essential ingredients. The primary components are rice flour and milk. The rice flour is meticulously prepared into a smooth dough, and small, intricate pasta-like shapes are handcrafted from it. These delicate rice flour dumplings are then cooked in milk, infusing them with a rich and creamy flavor. The simplicity of the ingredients allows the natural taste of rice to shine through while the milk adds a luscious and comforting element. Palathalikalu is often served as a dessert or a special treat during festive occasions, showcasing the artistry of traditional South Indian cuisine."
Poornalu,"Chana dal, jaggery",vegetarian,240,60,sweet,dessert,Andhra Pradesh,South,"Poornalu, a cherished sweet from Andhra Pradesh, features a delectable filling made with chana dal and jaggery. The process begins by cooking chana dal until it achieves a soft texture, and then it's combined with jaggery, a natural sweetener with a rich, caramel-like flavor. The duo is simmered until it forms a thick, cohesive mixture. This sweet and nutty filling is then encased in a dough made from rice flour or a combination of rice flour and urad dal. The filled dough balls are carefully shaped and deep-fried to a golden brown perfection. Poornalu are not only a delightful treat during festive occasions but also a testament to the culinary artistry that combines the earthy taste of chana dal with the natural sweetness of jaggery."
Pongal,"Rice, jaggery, cashews, ghee",vegetarian,5,20,sweet,dessert,Tamil Nadu,South,"Pongal is a traditional South Indian dish that can be either a savory or sweet preparation. In the sweet version, one of the key ingredients is rice, which is cooked until it reaches a creamy consistency. Jaggery, a natural sweetener made from concentrated sugarcane juice, is then added to sweeten the dish, providing a rich, earthy sweetness. The inclusion of cashews adds a delightful crunch and nutty flavor, while ghee, or clarified butter, contributes a rich and aromatic touch to the overall preparation. Pongal is often enjoyed as a festive sweet dish during celebrations such as the harvest festival of Pongal in South India, highlighting the region's love for combining simple yet flavorful ingredients in its culinary traditions."
Pootharekulu,"Rice flour, powdered sugar, ghee",vegetarian,10,60,sweet,dessert,Andhra Pradesh,South,"Pootharekulu is a traditional Andhra sweet delicacy known for its delicate layers and sweet filling. The main ingredients in its preparation include rice flour, powdered sugar, and ghee. The rice flour is meticulously crafted into thin, transparent sheets, creating the delicate layers that give Pootharekulu its unique texture. These sheets are then filled with a sweet mixture made from powdered sugar and ghee, resulting in a luscious, sugary filling. The layers are carefully folded to create a cylindrical or conical shape, showcasing the artisanal skill involved in making this treat. Pootharekulu is often enjoyed during festivals and special occasions, and its delightful combination of crispy layers and sweet filling makes it a beloved treat in Andhra Pradesh's culinary tradition."
Qubani ka meetha,"Apricots, sugar syrup",vegetarian,10,20,sweet,dessert,Telangana,South,"Qubani ka Meetha, a cherished dessert hailing from Hyderabad, is prepared with the simplest yet flavorful ingredients—dried apricots and sugar syrup. The process begins by soaking the dried apricots until they attain a soft, luscious texture. Subsequently, these apricots are stewed in a sugar syrup until the mixture transforms into a decadent, rich consistency. The sugar syrup not only sweetens the apricots but also coats them in a glossy, sweet glaze. The final creation, Qubani ka Meetha, showcases the natural sweetness of apricots complemented by the sugary infusion, offering a delightful dessert that is often adorned with almonds or nuts for added texture. This dessert is a testament to the art of combining a few high-quality ingredients to create a sublime and traditional Indian sweet."
Sheer korma,"Vermicelli pudding, milk",vegetarian,10,20,sweet,dessert,Telangana,South,"Sheer Korma is a delightful vermicelli pudding with roots in Persian and Mughlai cuisine, commonly prepared during festive occasions, especially Eid. The preparation involves cooking fine vermicelli in ghee until it turns golden brown, imparting a rich flavor. It is then simmered in milk until the vermicelli is tender and has absorbed the milk's richness. The key to Sheer Korma's distinct taste lies in the addition of dates, nuts, and cardamom, which infuse the dish with sweetness, crunch, and aromatic warmth. This creamy and fragrant dessert is a cherished part of celebratory feasts, celebrated for its comforting texture and exquisite blend of flavors."
Shankarpali,"Sugar, ghee, maida flour, semolina",vegetarian,10,35,sweet,dessert,Maharashtra,West,"To prepare Shankarpali, the ingredients are mixed to form a smooth dough, which is then rolled out and cut into small, diamond-shaped pieces. These pieces are deep-fried until they become crisp and golden brown. Shankarpali is known for its sweet and buttery flavor, making it a delightful treat enjoyed during festivals and celebrations across India. The combination of maida flour and semolina gives it a unique texture, and the sweetness adds a perfect balance to the richness of ghee."
Shrikhand,"Curd, sugar, saffron, cardamom",vegetarian,10,720,sweet,dessert,Maharashtra,West,"Shrikhand is a popular Indian dessert made from strained yogurt (curd), sugar, saffron, and cardamom. To prepare Shrikhand, yogurt is hung or strained to remove excess whey, resulting in a thick and creamy consistency. Sugar is added to sweeten the yogurt, and saffron is often infused to impart a rich golden color and a subtle floral aroma. Additionally, cardamom is incorporated for its aromatic warmth. The ingredients are mixed thoroughly to create a smooth and flavorful dessert. Shrikhand is served chilled and is enjoyed for its sweet, tangy, and aromatic profile, making it a favorite during festive occasions and celebrations."
Sutar feni,"Maida, sugar, ghee",vegetarian,15,55,sweet,dessert,Maharashtra,West,"Sutar Feni is a traditional Indian sweet made with a mixture of maida (all-purpose flour), sugar, and ghee. To prepare it, the ingredients are combined to form a dough, which is then rolled out and cut into thin strips or threads. These strips are deep-fried until they become golden brown and crispy. The fried feni is then coated with sugar syrup, giving it a sweet and glossy finish. Sutar Feni is known for its delicate, flaky texture and sweet taste, making it a popular treat, especially during festive occasions and celebrations. The use of maida, sugar, and ghee contributes to its unique and indulgent flavor."
Maach Jhol,"Fish, potol, tomato, chillies, ginger, garlic",non vegetarian,10,40,spicy,main course,Assam,North East,"Maach Jhol is a traditional Bengali fish curry known for its flavorful and aromatic broth. To prepare Maach Jhol, fish is cooked with potol (pointed gourd), tomatoes, green chillies, ginger, and garlic. The ingredients are simmered in a broth until the fish is cooked through and the flavors meld together. The curry is seasoned with spices, such as turmeric and cumin, to enhance its taste. Maach Jhol showcases the rich culinary heritage of Bengal, with its emphasis on fresh ingredients and aromatic spices, creating a delicious and comforting fish curry."
Pork Bharta,"Boiled pork, onions, chillies, ginger and garlic",non vegetarian,-1,-1,spicy,main course,Tripura,North East,"Pork Bharta is a flavorful Indian dish made with boiled pork, onions, chillies, ginger, and garlic. To prepare, boiled pork is shredded or minced and then sautéed with finely chopped onions, green chillies, and a mix of ginger and garlic for a robust flavor. The dish is seasoned with various spices to enhance its taste, and it is often cooked until the pork becomes tender and absorbs the aromatic spices. Pork Bharta is a delicious and spicy preparation, showcasing the rich and diverse flavors of Indian cuisine, especially popular in regions that embrace pork as a staple meat."
Chak Hao Kheer,"Rice, milk, sugar, cardamom",vegetarian,240,45,sweet,dessert,Manipur,North East,"Chak Hao Kheer is a traditional Manipuri rice pudding made with a simple combination of rice, milk, sugar, and cardamom. To prepare, rice is cooked in milk until it achieves a creamy consistency. Sugar is added for sweetness, and cardamom is incorporated for aromatic flavor. The kheer is simmered until the rice is soft and the flavors meld together, creating a comforting and fragrant rice pudding. Chak Hao Kheer is often enjoyed as a sweet treat, especially during festivals and special occasions in Manipur, showcasing the simplicity and richness of regional cuisine."
Galho,"Rice, axone, salt, water, chillies, pork",non vegetarian,5,15,spicy,main course,Nagaland,North East,"Galho is a traditional Naga dish made with a combination of rice, axone (fermented soybean), salt, water, chillies, and pork. To prepare Galho, rice is cooked along with axone, salt, and water to form a soupy base. The dish is then flavored with chillies for heat and pork for additional savory richness. The ingredients are simmered together until the rice is cooked and the flavors are well-infused, resulting in a hearty and flavorful rice soup. Galho is a staple in Naga cuisine, reflecting the region's reliance on locally available ingredients and showcasing its unique culinary traditions."
Aloo gobi,"Cauliflower, potato, garam masala, turmeric, curry leaves",vegetarian,10,20,spicy,main course,Punjab,North,"Aloo Gobi is a classic North Indian dish made with cauliflower (gobi) and potatoes (aloo), seasoned with garam masala, turmeric, and curry leaves. To prepare, cauliflower and potatoes are sautéed with aromatic spices such as garam masala and turmeric, imparting a warm and flavorful profile. Curry leaves add an additional layer of aroma and taste. The dish is cooked until the vegetables are tender and infused with the rich blend of spices. Aloo Gobi is a popular vegetarian dish, enjoyed for its simplicity, hearty flavors, and the perfect balance of spices."
Aloo matar,"Potato, peas, chillies, ginger, garam masala, garlic",vegetarian,5,40,spicy,main course,Punjab,North,"Aloo Methi is a simple and flavorful Indian dish made with potatoes (aloo) and fresh fenugreek leaves (methi). To prepare, potatoes are diced and cooked with fenugreek leaves, green chillies, and salt. The dish is typically sautéed in oil until the potatoes are tender and infused with the aromatic flavor of fenugreek. Aloo Methi is appreciated for its earthy taste and the distinct bitterness of fenugreek leaves, creating a delicious and wholesome vegetarian side dish commonly enjoyed with Indian bread or rice."
Bhatura,"Chole, rava, yogurt, plain flour, baking soda",vegetarian,20,20,spicy,main course,Punjab,North,"Bhatura is a popular Indian fried bread that is often served with Chole (chickpea curry). To prepare Bhatura, a dough is made using a mixture of plain flour, rava (semolina), yogurt, and a pinch of baking soda. The ingredients are kneaded together to form a smooth and elastic dough, which is then allowed to rest. Small portions of the dough are rolled into flat discs and deep-fried until they puff up and turn golden brown. Bhatura is known for its soft and fluffy texture, making it an ideal accompaniment to the flavorful and spicy Chole."
Bhindi masala,"Ladies finger, garam masala, kasuri methi, tomatoes, chili powder",vegetarian,20,30,spicy,main course,Punjab,North,"Bhindi Masala is a flavorful Indian dish made with ladies finger (bhindi), tomatoes, and a blend of aromatic spices. To prepare, wash and chop the bhindi, sauté it until partially cooked in a pan with oil. Add finely chopped tomatoes and continue cooking until the bhindi is tender. Season with garam masala, kasuri methi, red chili powder, and salt, ensuring even distribution of the spices. Cook until the bhindi is well coated, and the flavors meld together. This dish offers a delightful combination of textures and tastes, making it a perfect accompaniment to Indian bread or rice."
Biryani,"Chicken thighs, basmati rice, star anise, sweet, green chillies",non vegetarian,30,120,spicy,main course,Telangana,South,"To prepare Chicken Biryani, start by marinating chicken thighs with a blend of aromatic spices. Rinse and soak basmati rice. In a pot, layer marinated chicken thighs with partially cooked rice, adding star anise for a subtle fragrance. Introduce elements of sweetness, such as caramelized onions or raisins, for depth. Embed green chillies for a touch of heat. Seal the pot and let the biryani cook on low heat, allowing the flavors to intermingle and the rice to absorb the essence of the spiced chicken. The result is a fragrant and flavorful one-pot dish that captures the essence of traditional Indian cuisine. Serve hot and garnish with fresh herbs for a delightful culinary experience."
Butter chicken,"Chicken, greek yogurt, cream, garam masala powder, cashew nuts, butter",non vegetarian,10,35,spicy,main course,NCT of Delhi,North,"Butter Chicken, a classic Indian dish, is prepared by marinating tender chicken pieces in a mixture of Greek yogurt, cream, and a blend of spices, including garam masala powder. The marinade infuses the chicken with rich flavors and ensures a succulent texture. A key element is the addition of cashew nuts, which contribute to the dish's creamy and nutty profile. During cooking, generous amounts of butter are used, enhancing the dish's indulgent and velvety consistency. The result is a luscious, mildly spiced chicken curry with a velvety texture, making Butter Chicken a beloved and comforting dish in Indian cuisine. Serve it with naan or rice for a delightful culinary experience."
Chana masala,"Chickpeas, tomato paste, garam masala, ginger, red onion, avocado oil",vegetarian,20,30,spicy,main course,Punjab,North,"Chana Masala, a popular Indian dish, is crafted by simmering chickpeas in a fragrant blend of spices. Begin by sautéing red onion and ginger in avocado oil until aromatic. Introduce tomato paste, allowing it to cook down and create a flavorful base. The heart of the dish lies in the addition of garam masala, which imparts a warm and complex spice profile. The chickpeas are then added to the mix, absorbing the rich flavors during simmering. The result is a hearty and protein-packed curry with a robust combination of spices. Chana masala is a versatile dish, enjoyed with rice, naan, or bread, making it a wholesome and satisfying choice for vegetarians and non-vegetarians alike."
Chapati,"Whole wheat flour, olive oil, hot water, all purpose flour",vegetarian,10,10,-1,main course,Maharashtra,West,"Chapati, a staple in Indian cuisine, is made by combining whole wheat flour with olive oil and hot water to form a soft and pliable dough. The use of whole wheat flour adds nutritional value to the flatbread. A touch of olive oil enhances the texture and imparts a subtle flavor. The dough is then kneaded until smooth and divided into small portions. Each portion is rolled out into a thin, round disc and cooked on a hot griddle. The addition of a small amount of all-purpose flour during rolling helps achieve the desired consistency. Chapatis are quick to make and serve as a versatile accompaniment to various dishes, providing a wholesome and delicious element to meals."
Chicken razala,"Chicken, dahi, sesame seeds, garam masala powder, cashew nuts, saffron",non vegetarian,10,35,spicy,main course,West Bengal,East,"Chicken Razala is a delectable Indian dish known for its rich and aromatic flavors. The recipe involves marinating chicken in a mixture of dahi (yogurt), garam masala powder, and a blend of spices for a tender and flavorful base. The distinctive character of Chicken Razala comes from the addition of sesame seeds, which contribute a nutty undertone, and cashew nuts, which lend creaminess to the dish. Saffron is introduced to infuse a subtle and luxurious aroma. The marinated chicken is then slow-cooked to perfection, allowing the flavors to meld and create a mouthwatering curry. Chicken Razala is a delightful choice for those seeking a harmonious blend of spices and textures, making it a standout dish in Indian cuisine. Serve it with rice or naan for a complete and satisfying meal."
Chicken Tikka masala,"Naan bread, tomato sauce, skinless chicken breasts, heavy cream, garam masala",non vegetarian,10,50,spicy,main course,Punjab,North,"Chicken Tikka Masala is a beloved Indian dish that begins with marinated, grilled, or roasted skinless chicken breasts. The chicken is then simmered in a rich and flavorful tomato sauce infused with garam masala, a blend of aromatic spices. The creamy and indulgent element of this dish is achieved through the addition of heavy cream, creating a luscious and satisfying curry. Chicken Tikka Masala is often served with naan bread, providing the perfect vessel for sopping up the delicious sauce. The combination of tender chicken, aromatic spices, and creamy tomato sauce makes this dish a favorite in both Indian and international cuisine, offering a delightful and comforting dining experience."
Chicken Tikka,"Chicken, whole wheat bread, rice flour, garam masala powder, whole egg",non vegetarian,120,45,spicy,starter,Punjab,North,"Chicken Tikka, a popular Indian appetizer, involves marinating chicken pieces in a flavorful mixture before grilling or baking. To prepare the marinade, a blend of whole wheat bread, rice flour, garam masala powder, and a whole egg is used. The whole wheat bread and rice flour contribute to a crispy texture when cooked, while the garam masala imparts a warm and aromatic flavor. The egg serves as a binding agent, helping the marinade adhere to the chicken, ensuring a delicious coating. Once marinated, the chicken is cooked until tender and slightly charred, resulting in a tantalizing dish with a perfect balance of spices and textures. Chicken Tikka is often served with chutney or yogurt sauce, making it a flavorful and satisfying addition to any meal or a delightful appetizer."
Chole bhature,"Chole, bhatura, garam masala, bay leaf, cinnamon stick",vegetarian,20,30,spicy,main course,Punjab,North,"Chole Bhature is a classic North Indian dish featuring spiced chickpeas (chole) served with deep-fried bread (bhatura). To prepare the chole, chickpeas are cooked with aromatic spices such as garam masala, bay leaf, and cinnamon stick, creating a flavorful and hearty curry. The garam masala infuses warmth, while the bay leaf and cinnamon add fragrant undertones. The bhaturas, made from a dough of flour, yogurt, and other ingredients, are rolled out and deep-fried until they puff up and turn golden brown. The combination of the well-seasoned chickpeas and the crispy bhaturas results in a satisfying and delicious dish that is often enjoyed with additional accompaniments like pickles or yogurt. Chole Bhature is a popular street food and a favorite at home, offering a delightful and fulfilling culinary experience."
Daal baati churma,"Moong dal, masoor dal, chana dal, wheat flour, almond",vegetarian,10,90,spicy,main course,Rajasthan,West,"Daal Baati Churma is a traditional Rajasthani dish consisting of three distinct components. The ""daal"" is a lentil curry made from a blend of moong dal, masoor dal, and chana dal, cooked with aromatic spices to create a flavorful and nutritious base. The ""baati"" are round wheat flour balls that can be baked or traditionally cooked over an open flame until they develop a crisp exterior. The final touch is the ""churma,"" a sweet accompaniment made by crushing the baatis and mixing them with ghee, sugar, and chopped almonds, offering a delightful contrast to the savory daal and providing a complete and fulfilling dining experience. Daal Baati Churma is not only a delicious and hearty meal but also a cultural emblem of Rajasthani cuisine."
Daal puri,"Moong dal, garam masala powder, garlic, green chilli, all purpose flour",vegetarian,30,30,spicy,main course,West Bengal,East,"Daal Puri is a savory and flavorful dish made by stuffing a dough made from all-purpose flour with a seasoned moong dal filling. To prepare the moong dal filling, the lentils are cooked and seasoned with garam masala powder, garlic, and green chili, creating a spicy and aromatic mixture. The dough is made from all-purpose flour and is rolled out into thin circles. A portion of the moong dal filling is then placed in the center of each circle, and the dough is folded and sealed to form a stuffed ball. These balls are rolled out into flat discs and cooked until golden brown. Daal Puri is a delightful combination of textures and tastes, with the spiced moong dal complementing the soft and slightly crispy exterior of the puri. It is often served with chutney or yogurt for a complete and satisfying meal."
Dal makhani ,"Red kidney beans, urad dal, cream, garam masala, chili powder",vegetarian,10,60,sweet,main course,Punjab,North,"Dal Makhani is a rich and creamy Punjabi dish made with a combination of red kidney beans (rajma) and urad dal (black gram). To prepare, the lentils and beans are slow-cooked with aromatic spices like garam masala and chili powder, infusing the dish with a warm and flavorful profile. The addition of cream further enhances the creaminess and texture of the dal, creating a luscious and indulgent curry. The slow cooking process allows the flavors to meld, resulting in a dish with a velvety consistency and a depth of taste. Dal Makhani is commonly served with rice or Indian bread, such as naan or roti, making it a popular and hearty choice in North Indian cuisine."
Dal tadka,"Pigeon peas, garam masala, ginger, red onion, kasuri methi",vegetarian,10,30,spicy,main course,Punjab,North,"Dal Tadka is a classic Indian lentil dish made with pigeon peas (toor dal). To prepare, the dal is cooked and then tempered with a fragrant tadka, or tempering of spices. The tempering typically includes garam masala, ginger, red onion, and kasuri methi (dried fenugreek leaves). The garam masala adds warmth, ginger provides a zesty kick, red onion contributes sweetness, and kasuri methi imparts a subtle, earthy flavor. The tempering process involves briefly frying these spices in oil or ghee and then pouring them over the cooked dal, infusing it with layers of aromatic goodness. Dal Tadka is a comforting and flavorful dish that is often served with rice or Indian bread, providing a wholesome and satisfying meal."
Navrattan korma,"Green beans, potatoes, khus khus, low fat, garam masala powder",vegetarian,25,40,spicy,main course,Uttar Pradesh,North,"Navrattan Korma is a delightful and colorful Indian dish featuring a medley of vegetables such as green beans and potatoes. To prepare this vegetarian korma, the vegetables are cooked in a rich and flavorful sauce made with khus khus (poppy seeds), creating a creamy and nutty base. The use of low-fat ingredients ensures a healthier twist to the traditional recipe. Garam masala powder is added for a touch of warmth and depth of flavor. The result is a vibrant and aromatic dish that showcases a variety of vegetables in a delicious and well-balanced curry. Navrattan Korma is often served with rice or Indian bread, providing a wholesome and satisfying dining experience."
Palak paneer,"Cottage cheese, palak, cream, garam masala, butter",vegetarian,20,40,spicy,main course,Punjab,North,"Palak Paneer is a popular North Indian dish where cubes of cottage cheese (paneer) are cooked in a creamy spinach (palak) sauce. To prepare, fresh spinach is pureed to create a vibrant and nutritious base. The paneer cubes are then simmered in the spinach puree along with cream, imparting a rich and velvety texture to the dish. Garam masala adds a warming spice blend, while a touch of butter enhances the overall richness. Palak Paneer is a flavorful and wholesome vegetarian option that is often enjoyed with naan or rice, making it a favorite in Indian cuisine for its combination of creamy, aromatic, and nutritious elements."
Paneer butter masala,"Paneer, whipping cream, garam masala, cashew nuts, butter",vegetarian,20,40,spicy,main course,Punjab,North,"Paneer Butter Masala is a beloved Indian dish that features cubes of paneer (cottage cheese) cooked in a rich and creamy tomato-based sauce. The sauce is prepared with a luscious combination of whipping cream, garam masala, and cashew nuts, creating a velvety texture and a luxurious flavor profile. The dish is finished with a generous amount of butter, adding richness and a smooth finish. Paneer Butter Masala is known for its mild yet flavorful taste, making it a favorite in Indian cuisine. It is often served with naan or rice, providing a satisfying and indulgent dining experience."
Pani puri,"Kala chana, mashed potato, boondi, sev, lemon",vegetarian,15,2,spicy,snack,-1,-1,"Pani Puri, a popular street food in India, consists of small, hollow, crispy puris filled with a flavorful mixture of kala chana (black chickpeas), mashed potatoes, boondi (tiny fried gram flour balls), and sev (crispy chickpea noodles). The highlight of Pani Puri is the spicy and tangy pani (water) made with a blend of tamarind, mint, and various spices, creating a zesty and refreshing kick. The puris are typically filled with the savory mixture, topped with a drizzle of tangy pani, and finished with a squeeze of lemon for an extra burst of flavor. Pani Puri is not just a delightful and crunchy snack; it's also an experience that captures the essence of Indian street food culture."
Panjeeri,"Whole wheat flour, musk melon seeds, poppy seeds, edible gum, semolina",vegetarian,10,25,sweet,dessert,Uttar Pradesh,,"Panjeeri is a wholesome and nutritious Indian sweet made by roasting whole wheat flour in ghee until golden brown. To this, ingredients such as musk melon seeds, poppy seeds, and edible gum are added, providing a delightful crunch and nutty flavor. Semolina is also included in the mix to contribute to the texture. The mixture is sweetened with either jaggery or sugar, creating a balanced and satisfying taste. Panjeeri is revered for its energy-boosting properties and is often consumed during winters or as a postpartum dietary supplement, making it a nourishing and traditional treat in Indian cuisine."
Shahi tukra,"Rose water, milk, white bread slices, saffron, almonds",vegetarian,10,30,sweet,dessert,Telangana,South,"Shahi Tukra is a royal and indulgent Indian dessert made with simple ingredients. To prepare, white bread slices are typically deep-fried or toasted until golden brown. Meanwhile, a rich and fragrant syrup is made using milk, saffron, and rose water, infusing the dish with floral and aromatic notes. The toasted bread slices are then soaked in this flavorful milk mixture, allowing them to absorb the richness. The dish is often garnished with slivered almonds for added texture and a nutty flavor. Shahi Tukra is a delightful and elegant dessert, reminiscent of the royal kitchens of India, and it is commonly served during festive occasions or special celebrations."
Tandoori Fish Tikka,"Chickpea flour, biryani masala powder, yogurt, fish fillets, green bell pepper",non vegetarian,240,30,spicy,starter,Punjab,North,"Tandoori Fish Tikka is a mouthwatering dish where fish fillets are marinated and grilled to perfection. To prepare the marinade, a mixture of chickpea flour, biryani masala powder, and yogurt is combined to create a flavorful and aromatic base. The fish fillets are then generously coated with this marinade, allowing them to absorb the spices and yogurt for a rich taste. Additionally, green bell pepper is often included to add a fresh and vibrant element. The marinated fish is skewered and grilled, imparting a smoky flavor and a tantalizing char. Tandoori Fish Tikka is a popular appetizer or main course, celebrated for its combination of spices and the succulent texture of the fish, making it a favorite in Indian cuisine."
Attu,"Whole wheat flour, arhar dal, ginger, kala jeera, green chilli",vegetarian,150,25,spicy,snack,Andhra Pradesh,South,"Attu is a South Indian savory pancake made with a mixture of whole wheat flour and arhar dal (pigeon pea lentils). To prepare the batter, the dal is soaked and ground along with whole wheat flour, ginger, green chillies, and kala jeera (black cumin seeds). This creates a flavorful and slightly spicy batter. The batter is then ladled onto a hot griddle, forming round pancakes that are cooked until they develop a golden brown color and a crispy texture. Attu is a popular breakfast or snack item in South India, enjoyed with chutney or sambar. The inclusion of lentils not only adds nutritional value but also contributes to the unique taste and texture of this traditional dish."
Avial,"Raw banana, elephant foot yam, long beans, tindora, urad dal",vegetarian,30,45,spicy,main course,Kerala,South,"Avial is a traditional South Indian dish known for its medley of mixed vegetables. The preparation typically includes raw banana, elephant foot yam, long beans, tindora (ivy gourd), and urad dal (black gram lentils). These vegetables are cut into bite-sized pieces and cooked until tender. The dish is seasoned with a coconut-based paste, which is made by grinding grated coconut with cumin seeds. The urad dal is often used in the tempering process, providing a nutty flavor. Avial is celebrated for its simplicity, vibrant colors, and the use of a coconut-infused base, making it a flavorful and wholesome side dish in South Indian cuisine."
Bisi bele bath,"Split pigeon peas, chana dal, urad dal, green peas, french beans",vegetarian,30,45,spicy,main course,Karnataka,South,"Bisi Bele Bath is a flavorful and hearty South Indian rice dish made with a unique blend of spices and lentils. The dish typically includes split pigeon peas, chana dal, urad dal, green peas, and French beans. To prepare, these lentils and vegetables are cooked together with tamarind, jaggery, and a special spice blend that often includes fenugreek seeds, coriander seeds, and red chilies. The mixture is then combined with rice, creating a one-pot meal with a harmonious balance of flavors—spicy, tangy, and slightly sweet. Bisi Bele Bath is garnished with ghee-fried cashews and is often served with a dollop of ghee or yogurt. This dish is not only delicious but also a nutritious and satisfying option in South Indian cuisine."
Currivepillai sadam ,"Chana dal, urad dal, fresh coconut, sesame seeds, curry leaves",vegetarian,10,20,spicy,main course,Tamil Nadu,South,"Curry Leaves Rice, or ""Currivepillai Sadam"" in South Indian cuisine, is a flavorful rice dish with a distinctive taste. To prepare, chana dal and urad dal are roasted to add a nutty flavor, and then ground along with fresh coconut, sesame seeds, and curry leaves to create a fragrant paste. This paste is then sautéed in oil, and cooked rice is added, ensuring it gets well-coated with the aromatic mixture. The curry leaves contribute a unique and earthy aroma, enhancing the overall flavor profile of the dish. Currivepillai Sadam is not only a delicious and aromatic rice preparation but also celebrates the nutritional benefits of curry leaves and the richness of South Indian culinary traditions."
Idiappam,"Rice flour, hot water, grated coconut",vegetarian,120,30,spicy,snack,Tamil Nadu,South,"To prepare idiappam, rice flour is mixed with hot water to form a smooth and pliable dough. The dough is then pressed through a special press or mold to create thin strands, which are coiled into a circular shape on a steaming plate. The coiled dough is then steamed until fully cooked. Idiappam is often served with freshly grated coconut, providing a delightful combination of textures and flavors. This light and versatile dish can be enjoyed with various accompaniments, such as coconut milk, curry, or a sweetened coconut and jaggery mixture, making it a popular and wholesome choice in South Indian cuisine."
Kanji,"Carrot, yellow mustard, red chilli, black salt",vegetarian,10,45,-1,snack,Kerala,South,"Kanji is a traditional Indian fermented drink that is both refreshing and nutritious. To prepare this beverage, grated carrots are combined with yellow mustard, red chili, and black salt, creating a flavorful mixture. The ingredients are then submerged in water and left to undergo natural fermentation. The fermentation process not only imparts a tangy taste to the drink but also enhances its probiotic properties. Kanji is typically enjoyed during festivals like Holi and is known for its unique blend of spicy and sour flavors. It serves as a cooling and digestive beverage, making it a popular choice, especially during warmer seasons in Indian households."
Kaara kozhambu,"Sesame oil, drumstick, tamarind paste, sambar powder, tomato",vegetarian,-1,-1,spicy,main course,Tamil Nadu,South,"Kaara Kozhambu is a flavorful and tangy South Indian curry known for its spicy kick. To prepare this dish, sesame oil is heated, and drumstick pieces are sautéed until they develop a rich color. Tamarind paste is then added, creating the base for the tangy flavor. Sambar powder, a spice blend, is incorporated to provide depth and heat to the curry. Finally, tomatoes are added to balance the tanginess and add a touch of sweetness. The mixture is simmered until the flavors meld together, resulting in a delicious and aromatic Kaara Kozhambu. This curry is typically served with rice and is a popular choice in South Indian households for its robust and well-balanced taste."
Keerai kootu,"Moong dal, chana dal, spinach, urad dal, coconut oil",vegetarian,20,30,spicy,main course,Tamil Nadu,South,"To prepare, moong dal and chana dal are cooked until tender, and then spinach (keerai) is added to the mix. In a separate pan, urad dal is tempered in coconut oil until golden brown, creating a fragrant seasoning. This tempering, along with the addition of coconut oil, enhances the dish with a distinct South Indian flavor. The seasoned mixture is then combined with the cooked lentils and spinach, creating a wholesome and well-balanced kootu. Keerai kootu is often served with rice, providing a delicious and nutritious accompaniment to a South Indian meal."
Keerai masiyal,"Urad dal, curry leaves, sugar, mustard seeds, spinach",vegetarian,-1,-1,spicy,main course,Tamil Nadu,South,"Keerai Masiyal is a traditional South Indian dish that features a flavorful and spiced spinach mash. To prepare, spinach is cooked until tender and then mashed to a coarse consistency. In a separate pan, urad dal is roasted until golden brown, and mustard seeds are spluttered in oil, adding a nutty flavor and aromatic touch. Curry leaves are also included for their distinct fragrance. The tempered ingredients are then combined with the mashed spinach. A pinch of sugar is often added to enhance the overall flavor profile, providing a subtle sweetness to complement the savory elements. Keerai Masiyal is a simple yet delicious dish, showcasing the natural flavors of spinach with the added depth of the tempering, making it a nutritious and comforting choice in South Indian cuisine."
Keerai poriyal,"Amaranth leaves, split urad dal, mustard seeds, grated coconut, red chili",vegetarian,20,30,spicy,main course,Tamil Nadu,South,"Keerai Poriyal is a nutritious South Indian side dish made with amaranth leaves. To prepare, the amaranth leaves are finely chopped and sautéed with split urad dal, mustard seeds, and red chilies in oil until they are cooked and tender. The mustard seeds add a subtle crunch, and the urad dal provides a nutty flavor to the dish. Grated coconut is often added at the end, enhancing the overall taste with its sweetness and texture. Keerai Poriyal is a quick and simple stir-fry that celebrates the natural flavors of the greens while incorporating the aromatic tempering, making it a wholesome and delicious accompaniment to rice in South Indian meals."
Beef Fry,"Beef, coconut, garam masala, curry leaves, green chilies, chili powder",non vegetarian,10,60,spicy,main course,Kerala,South,"Beef Fry is a flavorful and spicy South Indian dish that highlights the rich taste of beef. To prepare, bite-sized beef pieces are marinated in a mixture of coconut, garam masala, curry leaves, green chilies, and chili powder. This marinade infuses the beef with a blend of aromatic spices and a hint of coconut sweetness. The beef is then stir-fried until it develops a rich brown color, creating a perfect balance of tenderness and a slightly crispy exterior. Beef Fry is known for its bold flavors and is often enjoyed as a side dish or a main course, served with rice or bread in South Indian cuisine."
Pesarattu,"Green moong beans, rice flour",vegetarian,120,20,spicy,snack,Andhra Pradesh,South,"Pesarattu is a nutritious and popular South Indian pancake made primarily with green moong beans. To prepare, green moong beans are soaked, ground into a batter, and combined with rice flour. The batter is seasoned with salt and sometimes includes ingredients like ginger or green chilies for added flavor. The resulting batter is then ladled onto a hot griddle to create thin and crispy pancakes. Pesarattu is often served with chutney or a spicy lentil powder known as podi. This dish is not only delicious but also high in protein, making it a healthy and satisfying choice for breakfast or a light meal in South Indian cuisine."
Poriyal,"Chana dal, urad dal, beans, coconut, mustard",vegetarian,-1,-1,spicy,main course,Tamil Nadu,South,"Poriyal is a South Indian side dish that involves the sautéing of vegetables with a flavorful tempering. To prepare, chana dal and urad dal are roasted until golden brown in oil, and mustard seeds are spluttered for added flavor. Chopped beans are then stir-fried in this tempering mixture until they are cooked but still retain a slight crunch. Grated coconut is often added towards the end, providing a sweet and nutty finish to the dish. Poriyal is a quick and simple way to highlight the natural flavors of vegetables while incorporating the aromatic and savory elements of the tempering, making it a common and delightful accompaniment to rice in South Indian meals."
Rasam,"Tomato, curry leaves, garlic, mustard seeds, hot water",vegetarian,10,35,spicy,main course,-1,South,"Rasam is a traditional South Indian soup known for its tangy and spicy flavors. To prepare rasam, tomatoes are simmered with curry leaves, garlic, and mustard seeds in hot water until the tomatoes are soft and the flavors meld together. Tamarind pulp is often added for tanginess, and a spice blend typically includes ingredients like black pepper, cumin, and coriander. The resulting broth is strained, creating a clear and aromatic liquid. Rasam is commonly enjoyed with rice or served as a soup, and its unique blend of spices makes it a comforting and flavorful dish, especially during cold or rainy days in South Indian cuisine."
Puttu,"Brown rice flour, sugar, grated coconut",vegetarian,495,40,-1,main course,Kerala,South,"Puttu is a traditional South Indian and Sri Lankan dish made with steamed cylinders of ground rice flour and grated coconut. To prepare puttu, brown rice flour is mixed with water and a pinch of salt to create a crumbly texture. The mixture is then layered with grated coconut and steamed in a cylindrical puttu maker or steamer. The result is a light and fluffy cylindrical-shaped cake with distinct layers of rice and coconut. Puttu is often served with accompaniments such as sugar, banana, chickpea curry, or dal. This dish is a popular breakfast item and showcases the versatility of rice in South Indian and Sri Lankan cuisines."
Sambar,"Pigeon peas, eggplant, drumsticks, sambar powder, tamarind",vegetarian,20,45,spicy,main course,-1,South,"Sambar is a quintessential South Indian dish, a flavorful and hearty lentil-based stew that features pigeon peas (toor dal) as its base. To prepare sambar, the lentils are cooked with a medley of vegetables like eggplant and drumsticks. The key flavoring agent is sambar powder, a spice blend that typically includes coriander, cumin, fenugreek, and other spices. Tamarind is added to provide the dish with a tangy element. The ingredients are simmered together until they form a harmonious and richly flavored stew. Sambar is often served with rice, idli, dosa, or other South Indian staples and is celebrated for its varied textures and layers of taste."
Amti,"Kala masala, arhar dal, curry leaves, mustard seeds, hot water",vegetarian,10,45,spicy,main course,Maharashtra,West,"Amti is a Maharashtrian dal preparation known for its unique spicing and flavors. To prepare Amti, arhar dal (pigeon peas) is cooked until tender. The distinctive flavor comes from the use of ""kala masala,"" a spice blend native to Maharashtra, which typically includes ingredients like black cardamom, cinnamon, cloves, and bay leaves. The dal is then seasoned with a tempering of mustard seeds, curry leaves, and sometimes green chilies. Hot water is added to achieve the desired consistency. Amti is a flavorful and mildly spiced lentil dish that is often served with rice or bhakri (flatbread), showcasing the culinary richness of Maharashtrian cuisine."
Zunka,"Gram flour, mustard, garlic, turmeric, red chilli",vegetarian,10,25,spicy,main course,Maharashtra,West,"To prepare Zunka, gram flour (besan) is roasted to a golden brown color, creating a nutty and aromatic base. Mustard seeds, garlic, turmeric, and red chili are then added to the roasted gram flour, infusing the dish with bold and spicy flavors. The mixture is sautéed until the spices are well incorporated, and the dish achieves a semi-dry consistency. Zunka is often enjoyed as a side dish and pairs well with bhakri (a type of flatbread) or rice. It's a simple yet delightful dish that showcases the robust flavors of Maharashtra's culinary heritage."
Bajri no rotlo,"Wheat flour, pearl millet flour, hot water",vegetarian,10,10,spicy,main course,Gujarat,West,"Bajri no Rotlo is a traditional and wholesome flatbread from the Indian state of Gujarat. To prepare this dish, a mixture of wheat flour and pearl millet flour (bajra flour) is combined, and hot water is added to form a dough. The dough is then divided into portions, and each portion is hand-pressed or patted into round, flat discs. These discs are typically thicker than regular wheat rotis. The use of pearl millet flour adds a nutty flavor and nutritional richness to the rotlo. The flatbreads are cooked on a hot griddle or open flame until they develop a golden brown color. Bajri no Rotlo is often served with ghee (clarified butter), yogurt, or a variety of pickles, offering a simple and nutritious staple in Gujarati cuisine."
Coconut vadi,"Condensed milk, mawa, desiccated coconut, almonds, cashews",vegetarian,20,30,sweet,dessert,Maharashtra,West,"Coconut Vadi is a delectable Indian sweet that combines the richness of condensed milk and mawa (khoya) with the delightful texture of desiccated coconut, almonds, and cashews. To prepare, condensed milk and mawa are cooked together until they form a thick, fudgy consistency. Desiccated coconut is then added to the mixture, providing a chewy and coconutty element. Chopped almonds and cashews contribute a crunchy texture and nutty flavor. The combined mixture is shaped into small, bite-sized pieces and allowed to cool, resulting in irresistible Coconut Vadi. This sweet treat is a popular choice during festivals and celebrations, showcasing the luscious combination of dairy, coconut, and nuts in Indian sweets."
Bombil fry,"Bombay duck, malvani masala, rice flour, bombay rava, green chilies",non vegetarian,-1,-1,spicy,main course,Maharashtra,West,"Bombil Fry, a popular seafood dish, features Bombay duck, also known as bombil, as the main ingredient. To prepare, the Bombay duck is coated with a mixture of Malvani masala (a flavorful spice blend from the Malvan region), rice flour, Bombay rava (semolina), and green chilies. This coating provides a crisp and flavorful exterior when the fish is fried. The marinated Bombay duck is then deep-fried until it achieves a golden-brown and crispy texture. Bombil Fry is a beloved dish along the coastal regions of Maharashtra and is often served as a delicious appetizer or side dish, showcasing the unique flavors of Malvani cuisine and the versatility of seafood in Indian culinary traditions."
Chakali,"Rice flour, sesame, plain flour, turmeric, red chilli",vegetarian,10,40,spicy,snack,Maharashtra,West,"Chakali is a popular Indian snack known for its spiral shape and crunchy texture. To prepare chakali, a mixture of rice flour, plain flour, and spices like turmeric and red chili are combined to create a dough. This dough is then shaped into spirals using a chakali press or a mold. Sesame seeds are often added to the dough for an extra crunch and nutty flavor. The formed chakalis are deep-fried until they turn golden brown and crispy. This savory and spiced snack is enjoyed during festive occasions or as a tea-time treat. Chakali showcases the diverse range of snacks in Indian cuisine, with its unique shape and delightful combination of flavors."
Chevdo,"Citric acid, fry, raisins, sugar, chana daal",vegetarian,20,30,spicy,snack,Gujarat,West,"Chevdo is a popular Indian snack mix that combines various ingredients to create a sweet, savory, and crunchy blend. To prepare chevdo, ingredients like chana dal (split chickpeas), raisins, and sugar are fried until they achieve a golden brown color. Citric acid is often added to impart a tangy flavor to the mix. The combination of sweet and tangy elements, along with the crunchiness of the fried ingredients, creates a delightful snack with a unique taste profile. Chevdo is enjoyed during festivals and special occasions in Indian households, showcasing the diverse flavors and textures found in traditional Indian snacks."
Dahi vada,"Urad dal, bhuna chana, garam masala, dates, tamarind",vegetarian,30,30,-1,snack,Maharashtra,West,"Dahi Vada is a popular Indian dish consisting of deep-fried lentil dumplings soaked in yogurt and topped with flavorful chutneys. To prepare the vadas, urad dal and bhuna chana (roasted gram) are ground into a batter, seasoned with garam masala, and then deep-fried until golden brown. The fried vadas are then soaked in water to remove excess oil and later immersed in whipped yogurt. The dish is garnished with a combination of sweet and tangy chutneys made from dates and tamarind. Dahi Vada is loved for its contrasting textures – the softness of the vadas against the creamy yogurt and the burst of flavors from the chutneys, making it a popular and refreshing snack in Indian cuisine."
Dalithoy,"Arhar dal, coconut oil, curry leaves, mustard seeds, red chilli",vegetarian,5,20,-1,main course,Maharashtra,West,"Dalithoy is a traditional South Indian dal preparation that highlights the simplicity and flavors of lentils. Arhar dal (pigeon pea lentils) is cooked until soft and then seasoned with a tempering of mustard seeds, red chili, and curry leaves in coconut oil. This tempering, also known as tadka, adds a burst of aromatic and savory notes to the dal. Dalithoy is appreciated for its mild and comforting taste, often served with rice or Indian bread. The use of coconut oil and curry leaves in the tempering provides a distinctive South Indian touch, enhancing the overall appeal of this classic dal dish."
Dhokla,"Rava, coconut, gram flour, mustard, sesame",vegetarian,10,20,spicy,snack,Gujarat,West,"Dhokla is a popular and steamed savory cake in Indian cuisine, particularly associated with the western state of Gujarat. To prepare dhokla, a batter is made by combining gram flour (besan) with rava (semolina), coconut, and various spices. This batter is fermented for a few hours to achieve a light and airy texture. The mixture is then seasoned with a tempering of mustard seeds and sesame seeds, adding a burst of flavor. The batter is steamed until it rises and sets into a spongy cake. Once cooked, it is cut into squares or diamond shapes. Dhokla is often served with green chutney and a sprinkling of grated coconut, offering a delightful combination of textures and flavors in a popular Indian snack or breakfast item."
Dudhi halwa,"Bottle gourd, green, raisins, sugar, clarified butter",vegetarian,15,30,sweet,dessert,Gujarat,West,"Dudhi Halwa is a sweet and delectable Indian dessert made from bottle gourd (dudhi or lauki). To prepare, grated bottle gourd is cooked in clarified butter (ghee) until it softens and releases its moisture. Sugar is then added to sweeten the mixture, and the halwa is stirred continuously until it thickens and attains a rich, caramelized color. Raisins are often incorporated for added sweetness and texture. Dudhi Halwa is loved for its smooth and luscious consistency, making it a comforting and indulgent treat. This dessert is frequently enjoyed during festivals and special occasions in Indian households, showcasing the versatility of humble ingredients in creating delightful sweets."
Gatta curry,"Yogurt, besan, sauce, garam masala powder, gram flour",vegetarian,10,20,spicy,main course,Rajasthan,West,"Gatta Curry is a popular Rajasthani dish known for its flavorful yogurt-based curry and dumplings made from gram flour (besan). To prepare the gatta (dumplings), besan is mixed with spices and shaped into cylindrical pieces, which are then boiled until cooked through. These gatta are sliced and added to a rich curry made from yogurt and a blend of spices, including garam masala powder. The curry is simmered until it achieves a creamy consistency, allowing the flavors to meld together. Gatta Curry is often enjoyed with rice or Indian bread, and the combination of the soft dumplings with the tangy and spiced yogurt curry creates a satisfying and hearty dish in Rajasthani cuisine."
Halvasan,"Whole wheat rava, chia seed, lemon, edible gum, litre milk",vegetarian,-1,-1,sweet,dessert,Gujarat,West,"Halvasan is a traditional Indian sweet with a unique blend of ingredients. To prepare this dessert, whole wheat rava (semolina) is roasted until golden brown. Chia seeds, lemon juice, and edible gum are added to the mix, creating a distinct texture and flavor profile. A liter of milk is then used to form a thick and sweetened mixture. The combined ingredients are cooked until the mixture thickens and attains a halwa-like consistency. Halvasan is often shaped into squares or diamonds and allowed to cool before serving. This sweet treat showcases the use of wholesome ingredients and the skillful combination of flavors to create a delightful and traditional Indian dessert."
Jeera Aloo,"Green chilies, lemon juice, chili powder, boiled potatoes",vegetarian,10,30,spicy,main course,Gujarat,West,"Jeera Aloo is a simple yet flavorful Indian dish featuring boiled potatoes seasoned with cumin (jeera), green chilies, lemon juice, and chili powder. To prepare, boiled potatoes are diced or sliced and then sautéed in a pan with cumin seeds until they become golden and crispy. Green chilies add a spicy kick, while lemon juice imparts a tangy freshness. Chili powder contributes to the dish's vibrant color and enhances its spiciness. This quick and delicious side dish is often enjoyed with Indian bread, rice, or as a standalone snack, showcasing the versatility of potatoes and the aromatic blend of spices in Indian cuisine."
Laapsi,"Cinnamon, jaggery, clarified butter, dry roasted",vegetarian,10,40,spicy,main course,Madhya Pradesh,Central,"Laapsi is a traditional Indian sweet dish made from cracked wheat (dalia) or lapsi, which is dry roasted until it attains a golden color. To prepare, clarified butter (ghee) is heated in a pan, and dry roasted lapsi is added, along with cinnamon for flavor. The mixture is stirred continuously to ensure even roasting. Once the lapsi is well-roasted, jaggery is added to sweeten the dish. The jaggery melts and blends with the lapsi, creating a sweet and aromatic mixture. Laapsi is often garnished with nuts like almonds or cashews for added texture and richness. This delightful sweet dish is enjoyed during festivals and special occasions in various regions of India."
Methi na Gota,"Rava, gram flour, lemon juice, turmeric, fenugreek leaves",vegetarian,15,30,bitter,main course,Gujarat,West,"Methi na Gota is a popular Gujarati snack that features fenugreek leaves as a key ingredient. To prepare, a batter is made by combining gram flour (besan) with semolina (rava), and fenugreek leaves are added to create a flavorful mixture. The batter is seasoned with turmeric and lemon juice for added brightness. Small fritters are then formed by dropping spoonfuls of the mixture into hot oil and frying until they turn golden brown and crispy. Methi na Gota is enjoyed for its unique combination of textures and the distinctive taste of fenugreek. It is often served with chutney or as part of a snack platter, showcasing the flavors of Gujarati cuisine."
Mohanthal,"Rose water, pistachio, badam, bengal gram flour, saffron",vegetarian,5,45,sweet,dessert,Gujarat,West,"Mohanthal is a traditional Indian sweet, hailing from the state of Gujarat, known for its rich and nutty flavor. To prepare Mohanthal, Bengal gram flour (besan) is roasted until it achieves a golden color, and then ghee is added to form a thick, sweetened mixture. This mixture is infused with the essence of rose water and saffron, contributing to its aromatic profile. Chopped pistachios and almonds (badam) are added for crunch and additional richness. The sweet is then set in a tray, cut into diamond-shaped pieces, and garnished with more nuts. Mohanthal is a popular choice during festivals and celebrations, showcasing the indulgent and festive spirit of Indian sweets."
Vindaloo,"Chicken, coconut oil, wine vinegar, ginger, green, cinnamon",non vegetarian,10,40,spicy,main course,Goa,West,"Vindaloo is a flavorful and spicy Indian curry, often associated with Goan cuisine. To prepare Chicken Vindaloo, chicken pieces are marinated in a mixture of coconut oil, wine vinegar, and a blend of spices such as ginger, green chilies, and cinnamon. The marinade is left to infuse the chicken with its bold flavors. The dish is then slow-cooked until the chicken becomes tender and absorbs the rich and tangy essence of the spices. Vindaloo is renowned for its fiery taste and aromatic complexity, making it a popular and distinctive dish in Indian cuisine, particularly celebrated for its unique blend of Indian and Portuguese culinary influences."
Lilva Kachori,"Green garlic chutney, fresh green peas, ginger, lemon juice, plain flour",vegetarian,30,6,spicy,snack,Gujarat,West,"Lilva Kachori is a delightful Indian snack known for its crisp and flaky pastry filled with a flavorful mixture of fresh green peas (lilva), ginger, and spices. To prepare, a dough is made from plain flour and rolled into small rounds. The rounds are filled with a mixture of fresh green peas, ginger, lemon juice, and spices. The filled dough is then shaped into small pockets and deep-fried until golden brown and crispy. Lilva Kachori is often served with green garlic chutney for a zesty and aromatic accompaniment. This snack is a favorite during festive occasions and celebrations, showcasing the culinary richness of Indian street food."
Churma Ladoo,"Whole wheat flour, khus khus, sesame seeds, dry coconut, gur",vegetarian,12,40,sweet,dessert,Rajasthan,West,"Churma Ladoo is a traditional Indian sweet made from whole wheat flour, khus khus (poppy seeds), sesame seeds, dry coconut, and gur (jaggery). To prepare, whole wheat flour is roasted until it turns golden brown. It is then combined with roasted khus khus, sesame seeds, grated dry coconut, and crushed jaggery. The mixture is shaped into round ladoos or sweet balls. Churma Ladoo is known for its rich, nutty flavor and is often prepared during festivals and special occasions, offering a delicious and wholesome treat in Indian sweets."
Cheera Doi,"Rice, mango, curd",vegetarian,-1,-1,sweet,dessert,West Bengal,East,"Cheera Doi is a traditional Bengali dessert that features a delightful combination of rice, mango, and curd (yogurt). To prepare, rice is cooked and combined with mango pulp, creating a sweet and fruity mixture. This is then mixed with curd to achieve a creamy consistency. The dessert is typically sweetened with sugar or jaggery, and the flavors are allowed to meld together, creating a refreshing and indulgent treat. Cheera Doi is often enjoyed during festivals and celebrations in Bengal, showcasing the region's love for the harmonious blend of rice and dairy in their sweet dishes."
Gheela Pitha,"Sticky rice, rice flour, jaggery, orange rind",vegetarian,10,30,sweet,dessert,Assam,North East,"Gheela Pitha is a traditional Assamese sweet dish that incorporates sticky rice, rice flour, jaggery, and orange rind. To prepare, a mixture of sticky rice and rice flour is combined with jaggery to form a sweetened dough. The dough is then shaped into small, flat pancakes and pan-fried until they attain a golden-brown color. The inclusion of orange rind adds a citrusy aroma and flavor to the pithas, enhancing the overall taste. Gheela Pitha is often enjoyed during festivals and special occasions in Assam, representing the cultural richness and diversity of Assamese cuisine."
Black rice,"Forbidden black rice, chicken, olive oil, slivered almonds, garlic powder",non vegetarian,-1,-1,-1,main course,Manipur,North East,"Black rice is a nutritious and flavorful variety of rice, often referred to as Forbidden Black Rice. To prepare a dish with black rice and chicken, the rice is cooked separately until tender and set aside. In a pan, chicken is cooked with olive oil until it reaches a golden-brown color. Slivered almonds are added for a nutty crunch, and garlic powder contributes to the savory flavor profile. The cooked black rice is then combined with the seasoned chicken and almond mixture, creating a wholesome and visually striking dish. Forbidden Black Rice is celebrated for its distinct taste, nutty texture, and high nutritional value, making it a popular choice for creating unique and health-conscious meals."
Pakhala,"Curd, cooked rice, curry leaves, dry chilli",vegetarian,-1,-1,-1,main course,Odisha,East,"Pakhala is a traditional Odia dish that involves fermented rice soaked in water and served with curd. To prepare Pakhala, cooked rice is allowed to ferment in water, creating a slightly sour taste. The fermented rice is then mixed with curd, resulting in a cooling and refreshing dish. Curry leaves and dry chillies are often used for tempering to enhance the flavor. Pakhala is a popular choice, especially during hot summer days, as it is known for its hydrating and soothing qualities. This dish reflects the cultural significance of rice and curd in Odia cuisine, offering a simple yet delicious way to enjoy these staple ingredients."
Pani Pitha,"Tea leaves, white sesame seeds, dry coconut, soaked rice",vegetarian,10,20,-1,main course,Assam,North East,"Pani Pitha is a traditional Assamese delicacy prepared with tea leaves, white sesame seeds, dry coconut, and soaked rice. To make Pani Pitha, soaked rice is ground into a paste, and tea leaves are added to create a distinct flavor. White sesame seeds and dry coconut are incorporated into the mixture, creating a rich and aromatic blend. The batter is then shaped into small, flat discs and either pan-fried or steamed. Pani Pitha is often enjoyed during festivals and special occasions in Assam, showcasing the unique combination of ingredients and culinary traditions in Assamese cuisine."
Payokh,"Basmati rice, rose water, sugar, clarified butter, cardamom pods",vegetarian,-1,-1,sweet,dessert,Assam,North East,"Payokh is a traditional Kashmiri sweet dish made with basmati rice, rose water, sugar, clarified butter (ghee), and cardamom pods. To prepare Payokh, basmati rice is cooked and then combined with a sugar syrup infused with aromatic rose water and cardamom. The mixture is further enriched with the addition of clarified butter, creating a rich and flavorful dessert. Payokh is often garnished with nuts like almonds or pistachios, adding both texture and visual appeal to this delightful Kashmiri sweet. It is commonly enjoyed during festivals and celebrations, reflecting the cultural richness of Kashmiri cuisine."
Prawn malai curry,"Coconut milk, prawns, garlic, turmeric, sugar",non vegetarian,15,50,spicy,main course,West Bengal,East,"Prawn Malai Curry is a delectable Bengali dish made with prawns in a creamy coconut milk base. To prepare, prawns are cooked in a sauce made with coconut milk, garlic, turmeric, and a hint of sugar. The coconut milk lends richness and a subtle sweetness to the curry, while garlic and turmeric contribute aromatic flavors. Prawn Malai Curry is a harmonious blend of spices and creamy texture, making it a popular and flavorful seafood dish in Bengali cuisine."
Bebinca,"Coconut milk, egg yolks, clarified butter, all purpose flour",vegetarian,20,60,sweet,dessert,Goa,West,"Bebinca is a traditional Goan dessert made with coconut milk, egg yolks, clarified butter (ghee), and all-purpose flour. To prepare Bebinca, layers of batter are created by alternating between pouring and baking, resulting in a multi-layered cake. Each layer is cooked until golden brown before adding the next. The richness of coconut milk and clarified butter imparts a luxurious texture and flavor to the dessert. Bebinca is often enjoyed during special occasions and festive celebrations in Goa, showcasing the region's love for coconut-based sweets."
Shufta,"Cottage cheese, dry dates, dried rose petals, pistachio, badam",vegetarian,-1,-1,sweet,dessert,Jammu & Kashmir,North,"Shufta is a traditional Kashmiri sweet dish made with a rich assortment of ingredients. To prepare Shufta, cottage cheese is combined with dry dates, dried rose petals, pistachios, and almonds (badam). The mixture is then flavored with aromatic spices and sugar to enhance its sweetness. Shufta is a unique and flavorful dessert often associated with Kashmiri cuisine, showcasing the region's use of local ingredients and the art of creating rich, festive sweets. It is typically enjoyed during special occasions and celebrations in Kashmir."
Mawa Bati,"Milk powder, dry fruits, arrowroot powder, all purpose flour",vegetarian,20,45,sweet,dessert,Madhya Pradesh,Central,"Mawa Bati is a sweet dish made with milk powder, dry fruits, arrowroot powder, and all-purpose flour. To prepare, a mixture is created using milk powder, finely chopped dry fruits, and arrowroot powder. This mixture is then combined with all-purpose flour to form a dough. The dough is shaped into small rounds and deep-fried until golden brown. Mawa Bati is often enjoyed during festivals and special occasions, showcasing the richness of milk-based sweets in Indian cuisine."
